timestamp,symbol,action,price,qty,pnl
2025-12-25 14:55:15.563533,NIFTY,BUY,21490,25,0
2025-12-25 15:01:16.218903,NIFTY,BUY,26185.349609375,25,0
2025-12-25 15:01:16.260772,NIFTY,SELL,26270.400390625,25,2126.26953125
2025-12-25 15:01:16.282844,NIFTY,BUY,26206.05078125,25,0
2025-12-25 15:01:16.305008,NIFTY,SELL,26243.400390625,25,933.740234375
2025-12-25 15:01:16.324809,NIFTY,BUY,26217.69921875,25,0
2025-12-25 15:01:16.328810,NIFTY,SELL,26206.25,25,-286.23046875
2025-12-25 15:01:16.343507,NIFTY,BUY,26285.30078125,25,0
2025-12-25 15:01:16.356518,NIFTY,SELL,26258.599609375,25,-667.529296875
2025-12-25 15:01:16.383281,NIFTY,BUY,26195.150390625,25,0
2025-12-25 15:01:16.400021,NIFTY,SELL,26174.19921875,25,-523.779296875
2025-12-25 15:01:16.421569,NIFTY,BUY,26098.05078125,25,0
2025-12-25 15:01:16.428615,NIFTY,SELL,26066.69921875,25,-783.7890625
2025-12-25 15:01:16.440988,NIFTY,BUY,26060.599609375,25,0
2025-12-25 15:01:16.444720,NIFTY,SELL,26049.400390625,25,-279.98046875
2025-12-25 15:01:16.456347,NIFTY,BUY,26058.94921875,25,0
2025-12-25 15:01:16.462398,NIFTY,SELL,26038.19921875,25,-518.75
2025-12-25 15:01:16.471474,NIFTY,BUY,26050.900390625,25,0
2025-12-25 15:01:16.477809,NIFTY,SELL,25962.0,25,-2222.509765625
2025-12-25 15:01:16.500016,NIFTY,BUY,25931.05078125,25,0
2025-12-25 15:01:16.512905,NIFTY,SELL,25933.099609375,25,51.220703125
2025-12-25 15:01:16.524356,NIFTY,BUY,25941.25,25,0
2025-12-25 15:01:16.552727,NIFTY,SELL,26036.19921875,25,2373.73046875
2025-12-25 15:01:16.574773,NIFTY,BUY,26003.55078125,25,0
2025-12-25 15:01:16.616817,NIFTY,SELL,26163.55078125,25,4000.0
2025-12-25 15:01:16.627935,NIFTY,BUY,26188.650390625,25,0
2025-12-25 15:01:16.634899,NIFTY,SELL,26128.80078125,25,-1496.240234375
2025-12-25 15:01:16.673610,NIFTY,BUY,25939.599609375,25,0
2025-12-25 15:01:16.681099,NIFTY,SELL,25819.94921875,25,-2991.259765625
2025-12-25 15:01:16.694633,NIFTY,BUY,25811.55078125,25,0
2025-12-25 15:01:16.721122,NIFTY,SELL,25877.349609375,25,1644.970703125
2025-12-25 15:01:16.724717,NIFTY,BUY,25879.94921875,25,0
2025-12-25 15:01:16.729068,NIFTY,SELL,25889.349609375,25,235.009765625
2025-12-25 15:01:16.734367,NIFTY,BUY,25902.30078125,25,0
2025-12-25 15:01:16.742553,NIFTY,SELL,25859.0,25,-1082.51953125
2025-12-25 15:01:16.754035,NIFTY,BUY,25880.55078125,25,0
2025-12-25 15:01:16.767504,NIFTY,SELL,25835.30078125,25,-1131.25
2025-12-25 15:01:16.789637,NIFTY,BUY,25836.30078125,25,0
2025-12-25 15:01:16.796936,NIFTY,SELL,25764.099609375,25,-1805.029296875
2025-12-25 15:01:16.809962,NIFTY,BUY,25798.25,25,0
2025-12-25 15:01:16.815852,NIFTY,SELL,25737.80078125,25,-1511.23046875
2025-12-25 15:01:16.821332,NIFTY,BUY,25813.05078125,25,0
2025-12-25 15:01:16.845216,NIFTY,SELL,25855.150390625,25,1052.490234375
2025-12-25 15:01:16.855025,NIFTY,BUY,25890.900390625,25,0
2025-12-25 15:01:16.861721,NIFTY,SELL,25879.44921875,25,-286.279296875
2025-12-25 15:01:16.866845,NIFTY,BUY,25916.5,25,0
2025-12-25 15:01:16.874113,NIFTY,SELL,25874.25,25,-1056.25
2025-12-25 15:01:16.880438,NIFTY,BUY,25895.44921875,25,0
2025-12-25 15:01:16.896155,NIFTY,SELL,25982.400390625,25,2173.779296875
2025-12-25 15:01:16.904835,NIFTY,BUY,26015.69921875,25,0
2025-12-25 15:01:16.922312,NIFTY,SELL,26020.0,25,107.51953125
2025-12-25 15:01:16.927487,NIFTY,BUY,26022.849609375,25,0
2025-12-25 15:01:16.937013,NIFTY,SELL,26020.5,25,-58.740234375
2025-12-25 15:01:16.943676,NIFTY,BUY,26052.0,25,0
2025-12-25 15:01:16.949579,NIFTY,SELL,25953.30078125,25,-2467.48046875
2025-12-25 15:01:16.963506,NIFTY,BUY,25975.349609375,25,0
2025-12-25 15:01:16.993834,NIFTY,SELL,26009.849609375,25,862.5
2025-12-25 15:01:17.003600,NIFTY,BUY,26034.349609375,25,0
2025-12-25 15:01:17.011219,NIFTY,SELL,25943.30078125,25,-2276.220703125
2025-12-25 15:01:17.038142,NIFTY,BUY,25906.150390625,25,0
2025-12-25 15:01:17.046838,NIFTY,SELL,25898.75,25,-185.009765625
2025-12-25 15:01:17.054816,NIFTY,BUY,25908.05078125,25,0
2025-12-25 15:01:17.063745,NIFTY,SELL,25860.400390625,25,-1191.259765625
2025-12-25 15:01:17.080510,NIFTY,BUY,25903.30078125,25,0
2025-12-25 15:01:17.087558,NIFTY,SELL,25846.099609375,25,-1430.029296875
2025-12-25 15:01:17.102984,NIFTY,BUY,25829.650390625,25,0
2025-12-25 15:01:17.109033,NIFTY,SELL,25791.099609375,25,-963.76953125
2025-12-25 15:01:17.123458,NIFTY,BUY,25811.400390625,25,0
2025-12-25 15:01:17.129746,NIFTY,SELL,25793.599609375,25,-445.01953125
2025-12-25 15:01:17.136128,NIFTY,BUY,25827.400390625,25,0
2025-12-25 15:01:17.141672,NIFTY,SELL,25792.599609375,25,-870.01953125
2025-12-25 15:01:17.145573,NIFTY,BUY,25812.900390625,25,0
2025-12-25 15:01:17.155505,NIFTY,SELL,25780.05078125,25,-821.240234375
2025-12-25 15:01:17.165300,NIFTY,BUY,25834.44921875,25,0
2025-12-25 15:01:17.188798,NIFTY,SELL,25867.150390625,25,817.529296875
2025-12-25 15:01:17.210628,NIFTY,BUY,25816.55078125,25,0
2025-12-25 15:01:17.236191,NIFTY,SELL,25952.80078125,25,3406.25
2025-12-25 15:01:17.251815,NIFTY,BUY,25935.69921875,25,0
2025-12-25 15:01:17.280217,NIFTY,SELL,25958.75,25,576.26953125
2025-12-25 15:01:17.287109,NIFTY,BUY,26093.900390625,25,0
2025-12-25 15:01:17.306579,NIFTY,SELL,26123.55078125,25,741.259765625
2025-12-25 15:01:17.312731,NIFTY,BUY,26133.900390625,25,0
2025-12-25 15:01:17.323775,NIFTY,SELL,26122.099609375,25,-295.01953125
2025-12-25 15:01:17.329699,NIFTY,BUY,26141.849609375,25,0
2025-12-25 15:01:17.342635,NIFTY,SELL,26133.650390625,25,-204.98046875
2025-12-25 15:01:17.348154,NIFTY,BUY,26163.349609375,25,0
2025-12-25 15:01:17.361992,NIFTY,SELL,26143.5,25,-496.240234375
2025-12-25 15:01:17.370740,NIFTY,BUY,26186.75,25,0
2025-12-25 15:01:17.390116,NIFTY,SELL,26160.599609375,25,-653.759765625
2025-12-25 15:01:17.397281,NIFTY,BUY,26187.69921875,25,0
2025-12-25 15:01:17.402476,NIFTY,SELL,26168.349609375,25,-483.740234375
2025-12-25 15:01:17.409508,NIFTY,BUY,26182.099609375,25,0
2025-12-25 15:01:17.426265,NIFTY,SELL,26180.150390625,25,-48.73046875
2025-12-25 15:01:17.436473,NIFTY,BUY,26222.650390625,25,0
2025-12-25 15:01:17.451571,NIFTY,SELL,26210.80078125,25,-296.240234375
2025-12-25 15:01:24.442236,NIFTY,BUY,26185.349609375,25,0
2025-12-25 15:01:24.459509,NIFTY,SELL,26270.400390625,25,2126.26953125
2025-12-25 15:01:24.475560,NIFTY,BUY,26206.05078125,25,0
2025-12-25 15:01:24.492680,NIFTY,SELL,26243.400390625,25,933.740234375
2025-12-25 15:01:24.506396,NIFTY,BUY,26217.69921875,25,0
2025-12-25 15:01:24.509351,NIFTY,SELL,26206.25,25,-286.23046875
2025-12-25 15:01:24.521075,NIFTY,BUY,26285.30078125,25,0
2025-12-25 15:01:24.532554,NIFTY,SELL,26258.599609375,25,-667.529296875
2025-12-25 15:01:24.549956,NIFTY,BUY,26195.150390625,25,0
2025-12-25 15:01:24.562608,NIFTY,SELL,26174.19921875,25,-523.779296875
2025-12-25 15:01:24.579022,NIFTY,BUY,26098.05078125,25,0
2025-12-25 15:01:24.584619,NIFTY,SELL,26066.69921875,25,-783.7890625
2025-12-25 15:01:24.594334,NIFTY,BUY,26060.599609375,25,0
2025-12-25 15:01:24.597123,NIFTY,SELL,26049.400390625,25,-279.98046875
2025-12-25 15:01:24.606322,NIFTY,BUY,26058.94921875,25,0
2025-12-25 15:01:24.611394,NIFTY,SELL,26038.19921875,25,-518.75
2025-12-25 15:01:24.618122,NIFTY,BUY,26050.900390625,25,0
2025-12-25 15:01:24.622905,NIFTY,SELL,25962.0,25,-2222.509765625
2025-12-25 15:01:24.636477,NIFTY,BUY,25931.05078125,25,0
2025-12-25 15:01:24.645575,NIFTY,SELL,25933.099609375,25,51.220703125
2025-12-25 15:01:24.655516,NIFTY,BUY,25941.25,25,0
2025-12-25 15:01:24.677802,NIFTY,SELL,26036.19921875,25,2373.73046875
2025-12-25 15:01:24.695221,NIFTY,BUY,26003.55078125,25,0
2025-12-25 15:01:24.729784,NIFTY,SELL,26163.55078125,25,4000.0
2025-12-25 15:01:24.739739,NIFTY,BUY,26188.650390625,25,0
2025-12-25 15:01:24.745677,NIFTY,SELL,26128.80078125,25,-1496.240234375
2025-12-25 15:01:24.776986,NIFTY,BUY,25939.599609375,25,0
2025-12-25 15:01:24.782474,NIFTY,SELL,25819.94921875,25,-2991.259765625
2025-12-25 15:01:24.794128,NIFTY,BUY,25811.55078125,25,0
2025-12-25 15:01:24.810206,NIFTY,SELL,25877.349609375,25,1644.970703125
2025-12-25 15:01:24.813365,NIFTY,BUY,25879.94921875,25,0
2025-12-25 15:01:24.816348,NIFTY,SELL,25889.349609375,25,235.009765625
2025-12-25 15:01:24.819391,NIFTY,BUY,25902.30078125,25,0
2025-12-25 15:01:24.826351,NIFTY,SELL,25859.0,25,-1082.51953125
2025-12-25 15:01:24.834837,NIFTY,BUY,25880.55078125,25,0
2025-12-25 15:01:24.845641,NIFTY,SELL,25835.30078125,25,-1131.25
2025-12-25 15:01:24.862979,NIFTY,BUY,25836.30078125,25,0
2025-12-25 15:01:24.868872,NIFTY,SELL,25764.099609375,25,-1805.029296875
2025-12-25 15:01:24.880939,NIFTY,BUY,25798.25,25,0
2025-12-25 15:01:24.885332,NIFTY,SELL,25737.80078125,25,-1511.23046875
2025-12-25 15:01:24.891548,NIFTY,BUY,25813.05078125,25,0
2025-12-25 15:01:24.909856,NIFTY,SELL,25855.150390625,25,1052.490234375
2025-12-25 15:01:24.916833,NIFTY,BUY,25890.900390625,25,0
2025-12-25 15:01:24.921035,NIFTY,SELL,25879.44921875,25,-286.279296875
2025-12-25 15:01:24.924545,NIFTY,BUY,25916.5,25,0
2025-12-25 15:01:24.928994,NIFTY,SELL,25874.25,25,-1056.25
2025-12-25 15:01:24.932291,NIFTY,BUY,25895.44921875,25,0
2025-12-25 15:01:24.942884,NIFTY,SELL,25982.400390625,25,2173.779296875
2025-12-25 15:01:24.950206,NIFTY,BUY,26015.69921875,25,0
2025-12-25 15:01:24.964749,NIFTY,SELL,26020.0,25,107.51953125
2025-12-25 15:01:24.968532,NIFTY,BUY,26022.849609375,25,0
2025-12-25 15:01:24.976621,NIFTY,SELL,26020.5,25,-58.740234375
2025-12-25 15:01:24.980811,NIFTY,BUY,26052.0,25,0
2025-12-25 15:01:24.984763,NIFTY,SELL,25953.30078125,25,-2467.48046875
2025-12-25 15:01:24.994078,NIFTY,BUY,25975.349609375,25,0
2025-12-25 15:01:25.014795,NIFTY,SELL,26009.849609375,25,862.5
2025-12-25 15:01:25.020633,NIFTY,BUY,26034.349609375,25,0
2025-12-25 15:01:25.026599,NIFTY,SELL,25943.30078125,25,-2276.220703125
2025-12-25 15:01:25.045112,NIFTY,BUY,25906.150390625,25,0
2025-12-25 15:01:25.049811,NIFTY,SELL,25898.75,25,-185.009765625
2025-12-25 15:01:25.055602,NIFTY,BUY,25908.05078125,25,0
2025-12-25 15:01:25.062200,NIFTY,SELL,25860.400390625,25,-1191.259765625
2025-12-25 15:01:25.072447,NIFTY,BUY,25903.30078125,25,0
2025-12-25 15:01:25.078102,NIFTY,SELL,25846.099609375,25,-1430.029296875
2025-12-25 15:01:25.090178,NIFTY,BUY,25829.650390625,25,0
2025-12-25 15:01:25.094156,NIFTY,SELL,25791.099609375,25,-963.76953125
2025-12-25 15:01:25.103254,NIFTY,BUY,25811.400390625,25,0
2025-12-25 15:01:25.108752,NIFTY,SELL,25793.599609375,25,-445.01953125
2025-12-25 15:01:25.112862,NIFTY,BUY,25827.400390625,25,0
2025-12-25 15:01:25.116665,NIFTY,SELL,25792.599609375,25,-870.01953125
2025-12-25 15:01:25.119871,NIFTY,BUY,25812.900390625,25,0
2025-12-25 15:01:25.126612,NIFTY,SELL,25780.05078125,25,-821.240234375
2025-12-25 15:01:25.134621,NIFTY,BUY,25834.44921875,25,0
2025-12-25 15:01:25.153503,NIFTY,SELL,25867.150390625,25,817.529296875
2025-12-25 15:01:25.165858,NIFTY,BUY,25816.55078125,25,0
2025-12-25 15:01:25.179376,NIFTY,SELL,25952.80078125,25,3406.25
2025-12-25 15:01:25.189068,NIFTY,BUY,25935.69921875,25,0
2025-12-25 15:01:25.204537,NIFTY,SELL,25958.75,25,576.26953125
2025-12-25 15:01:25.210290,NIFTY,BUY,26093.900390625,25,0
2025-12-25 15:01:25.223774,NIFTY,SELL,26123.55078125,25,741.259765625
2025-12-25 15:01:25.229068,NIFTY,BUY,26133.900390625,25,0
2025-12-25 15:01:25.236569,NIFTY,SELL,26122.099609375,25,-295.01953125
2025-12-25 15:01:25.241935,NIFTY,BUY,26141.849609375,25,0
2025-12-25 15:01:25.251460,NIFTY,SELL,26133.650390625,25,-204.98046875
2025-12-25 15:01:25.255273,NIFTY,BUY,26163.349609375,25,0
2025-12-25 15:01:25.264499,NIFTY,SELL,26143.5,25,-496.240234375
2025-12-25 15:01:25.269973,NIFTY,BUY,26186.75,25,0
2025-12-25 15:01:25.282164,NIFTY,SELL,26160.599609375,25,-653.759765625
2025-12-25 15:01:25.288223,NIFTY,BUY,26187.69921875,25,0
2025-12-25 15:01:25.293096,NIFTY,SELL,26168.349609375,25,-483.740234375
2025-12-25 15:01:25.297964,NIFTY,BUY,26182.099609375,25,0
2025-12-25 15:01:25.311169,NIFTY,SELL,26180.150390625,25,-48.73046875
2025-12-25 15:01:25.319764,NIFTY,BUY,26222.650390625,25,0
2025-12-25 15:01:25.330367,NIFTY,SELL,26210.80078125,25,-296.240234375
2025-12-25 15:19:52.600428,NIFTY,BUY,26185.349609375,25,0
2025-12-25 15:19:52.628287,NIFTY,SELL,26270.400390625,25,2126.26953125
2025-12-25 15:19:52.659962,NIFTY,BUY,26206.05078125,25,0
2025-12-25 15:19:52.693589,NIFTY,SELL,26243.400390625,25,933.740234375
2025-12-25 15:19:52.716272,NIFTY,BUY,26217.69921875,25,0
2025-12-25 15:19:52.719828,NIFTY,SELL,26206.25,25,-286.23046875
2025-12-25 15:19:52.737444,NIFTY,BUY,26285.30078125,25,0
2025-12-25 15:19:52.751247,NIFTY,SELL,26258.599609375,25,-667.529296875
2025-12-25 15:19:52.778300,NIFTY,BUY,26195.150390625,25,0
2025-12-25 15:19:52.795545,NIFTY,SELL,26174.19921875,25,-523.779296875
2025-12-25 15:19:52.836163,NIFTY,BUY,26098.05078125,25,0
2025-12-25 15:19:52.846211,NIFTY,SELL,26066.69921875,25,-783.7890625
2025-12-25 15:19:52.862679,NIFTY,BUY,26060.599609375,25,0
2025-12-25 15:19:52.866332,NIFTY,SELL,26049.400390625,25,-279.98046875
2025-12-25 15:19:52.881929,NIFTY,BUY,26058.94921875,25,0
2025-12-25 15:19:52.889585,NIFTY,SELL,26038.19921875,25,-518.75
2025-12-25 15:19:52.902454,NIFTY,BUY,26050.900390625,25,0
2025-12-25 15:19:52.914816,NIFTY,SELL,25962.0,25,-2222.509765625
2025-12-25 15:19:52.959661,NIFTY,BUY,25931.05078125,25,0
2025-12-25 15:19:52.983014,NIFTY,SELL,25933.099609375,25,51.220703125
2025-12-25 15:19:53.012003,NIFTY,BUY,25941.25,25,0
2025-12-25 15:19:53.062048,NIFTY,SELL,26036.19921875,25,2373.73046875
2025-12-25 15:19:53.090592,NIFTY,BUY,26003.55078125,25,0
2025-12-25 15:19:53.154209,NIFTY,SELL,26163.55078125,25,4000.0
2025-12-25 15:19:53.172542,NIFTY,BUY,26188.650390625,25,0
2025-12-25 15:19:53.184029,NIFTY,SELL,26128.80078125,25,-1496.240234375
2025-12-25 15:19:53.240231,NIFTY,BUY,25939.599609375,25,0
2025-12-25 15:19:53.249513,NIFTY,SELL,25819.94921875,25,-2991.259765625
2025-12-25 15:19:53.266615,NIFTY,BUY,25811.55078125,25,0
2025-12-25 15:19:53.301863,NIFTY,SELL,25877.349609375,25,1644.970703125
2025-12-25 15:19:53.306366,NIFTY,BUY,25879.94921875,25,0
2025-12-25 15:19:53.311300,NIFTY,SELL,25889.349609375,25,235.009765625
2025-12-25 15:19:53.316915,NIFTY,BUY,25902.30078125,25,0
2025-12-25 15:19:53.327874,NIFTY,SELL,25859.0,25,-1082.51953125
2025-12-25 15:19:53.343484,NIFTY,BUY,25880.55078125,25,0
2025-12-25 15:19:53.365796,NIFTY,SELL,25835.30078125,25,-1131.25
2025-12-25 15:19:53.391239,NIFTY,BUY,25836.30078125,25,0
2025-12-25 15:19:53.400771,NIFTY,SELL,25764.099609375,25,-1805.029296875
2025-12-25 15:19:53.421594,NIFTY,BUY,25798.25,25,0
2025-12-25 15:19:53.427929,NIFTY,SELL,25737.80078125,25,-1511.23046875
2025-12-25 15:19:53.436457,NIFTY,BUY,25813.05078125,25,0
2025-12-25 15:19:53.470256,NIFTY,SELL,25855.150390625,25,1052.490234375
2025-12-25 15:19:53.487350,NIFTY,BUY,25890.900390625,25,0
2025-12-25 15:19:53.497888,NIFTY,SELL,25879.44921875,25,-286.279296875
2025-12-25 15:19:53.504495,NIFTY,BUY,25916.5,25,0
2025-12-25 15:19:53.515634,NIFTY,SELL,25874.25,25,-1056.25
2025-12-25 15:19:53.524236,NIFTY,BUY,25895.44921875,25,0
2025-12-25 15:19:53.551542,NIFTY,SELL,25982.400390625,25,2173.779296875
2025-12-25 15:19:53.565464,NIFTY,BUY,26015.69921875,25,0
2025-12-25 15:19:53.594882,NIFTY,SELL,26020.0,25,107.51953125
2025-12-25 15:19:53.602343,NIFTY,BUY,26022.849609375,25,0
2025-12-25 15:19:53.619134,NIFTY,SELL,26020.5,25,-58.740234375
2025-12-25 15:19:53.626688,NIFTY,BUY,26052.0,25,0
2025-12-25 15:19:53.635091,NIFTY,SELL,25953.30078125,25,-2467.48046875
2025-12-25 15:19:53.651254,NIFTY,BUY,25975.349609375,25,0
2025-12-25 15:19:53.699459,NIFTY,SELL,26009.849609375,25,862.5
2025-12-25 15:19:53.711845,NIFTY,BUY,26034.349609375,25,0
2025-12-25 15:19:53.725152,NIFTY,SELL,25943.30078125,25,-2276.220703125
2025-12-25 15:19:53.767294,NIFTY,BUY,25906.150390625,25,0
2025-12-25 15:19:53.776579,NIFTY,SELL,25898.75,25,-185.009765625
2025-12-25 15:19:53.786449,NIFTY,BUY,25908.05078125,25,0
2025-12-25 15:19:53.799674,NIFTY,SELL,25860.400390625,25,-1191.259765625
2025-12-25 15:19:53.821366,NIFTY,BUY,25903.30078125,25,0
2025-12-25 15:19:53.833475,NIFTY,SELL,25846.099609375,25,-1430.029296875
2025-12-25 15:19:53.871026,NIFTY,BUY,25829.650390625,25,0
2025-12-25 15:19:53.878182,NIFTY,SELL,25791.099609375,25,-963.76953125
2025-12-25 15:19:53.897615,NIFTY,BUY,25811.400390625,25,0
2025-12-25 15:19:53.905129,NIFTY,SELL,25793.599609375,25,-445.01953125
2025-12-25 15:19:53.914765,NIFTY,BUY,25827.400390625,25,0
2025-12-25 15:19:53.921750,NIFTY,SELL,25792.599609375,25,-870.01953125
2025-12-25 15:19:53.927637,NIFTY,BUY,25812.900390625,25,0
2025-12-25 15:19:53.942433,NIFTY,SELL,25780.05078125,25,-821.240234375
2025-12-25 15:19:53.954500,NIFTY,BUY,25834.44921875,25,0
2025-12-25 15:19:53.993048,NIFTY,SELL,25867.150390625,25,817.529296875
2025-12-25 15:19:54.020912,NIFTY,BUY,25816.55078125,25,0
2025-12-25 15:19:54.047750,NIFTY,SELL,25952.80078125,25,3406.25
2025-12-25 15:19:54.061884,NIFTY,BUY,25935.69921875,25,0
2025-12-25 15:19:54.086039,NIFTY,SELL,25958.75,25,576.26953125
2025-12-25 15:19:54.097908,NIFTY,BUY,26093.900390625,25,0
2025-12-25 15:19:54.119047,NIFTY,SELL,26123.55078125,25,741.259765625
2025-12-25 15:19:54.127490,NIFTY,BUY,26133.900390625,25,0
2025-12-25 15:19:54.146032,NIFTY,SELL,26122.099609375,25,-295.01953125
2025-12-25 15:19:54.153592,NIFTY,BUY,26141.849609375,25,0
2025-12-25 15:19:54.171876,NIFTY,SELL,26133.650390625,25,-204.98046875
2025-12-25 15:19:54.178901,NIFTY,BUY,26163.349609375,25,0
2025-12-25 15:19:54.193570,NIFTY,SELL,26143.5,25,-496.240234375
2025-12-25 15:19:54.202396,NIFTY,BUY,26186.75,25,0
2025-12-25 15:19:54.221116,NIFTY,SELL,26160.599609375,25,-653.759765625
2025-12-25 15:19:54.229485,NIFTY,BUY,26187.69921875,25,0
2025-12-25 15:19:54.236199,NIFTY,SELL,26168.349609375,25,-483.740234375
2025-12-25 15:19:54.244535,NIFTY,BUY,26182.099609375,25,0
2025-12-25 15:19:54.266855,NIFTY,SELL,26180.150390625,25,-48.73046875
2025-12-25 15:19:54.280082,NIFTY,BUY,26222.650390625,25,0
2025-12-25 15:19:54.297022,NIFTY,SELL,26210.80078125,25,-296.240234375
2025-12-25 15:20:07.474658,NIFTY,BUY,26185.349609375,25,0
2025-12-25 15:20:07.500175,NIFTY,SELL,26270.400390625,25,2126.26953125
2025-12-25 15:20:07.528532,NIFTY,BUY,26206.05078125,25,0
2025-12-25 15:20:07.558872,NIFTY,SELL,26243.400390625,25,933.740234375
2025-12-25 15:20:07.575671,NIFTY,BUY,26217.69921875,25,0
2025-12-25 15:20:07.579794,NIFTY,SELL,26206.25,25,-286.23046875
2025-12-25 15:20:07.592705,NIFTY,BUY,26285.30078125,25,0
2025-12-25 15:20:07.603975,NIFTY,SELL,26258.599609375,25,-667.529296875
2025-12-25 15:20:07.621422,NIFTY,BUY,26195.150390625,25,0
2025-12-25 15:31:23.168208,NIFTY,BUY,26185.349609375,25,0
2025-12-25 15:31:23.186856,NIFTY,SELL,26270.400390625,25,2126.26953125
2025-12-25 15:31:23.204910,NIFTY,BUY,26206.05078125,25,0
2025-12-25 15:31:23.224253,NIFTY,SELL,26243.400390625,25,933.740234375
2025-12-25 15:31:23.238668,NIFTY,BUY,26217.69921875,25,0
2025-12-25 15:31:23.242311,NIFTY,SELL,26206.25,25,-286.23046875
2025-12-25 15:31:23.254881,NIFTY,BUY,26285.30078125,25,0
2025-12-25 15:31:23.266558,NIFTY,SELL,26258.599609375,25,-667.529296875
2025-12-25 15:31:23.288755,NIFTY,BUY,26195.150390625,25,0
2025-12-25 15:31:23.304162,NIFTY,SELL,26174.19921875,25,-523.779296875
2025-12-25 15:31:23.323695,NIFTY,BUY,26098.05078125,25,0
2025-12-25 15:31:23.331913,NIFTY,SELL,26066.69921875,25,-783.7890625
2025-12-25 15:31:23.341457,NIFTY,BUY,26060.599609375,25,0
2025-12-25 15:31:23.345432,NIFTY,SELL,26049.400390625,25,-279.98046875
2025-12-25 15:31:23.354480,NIFTY,BUY,26058.94921875,25,0
2025-12-25 15:31:23.358978,NIFTY,SELL,26038.19921875,25,-518.75
2025-12-25 15:31:23.366504,NIFTY,BUY,26050.900390625,25,0
2025-12-25 15:31:23.371312,NIFTY,SELL,25962.0,25,-2222.509765625
2025-12-25 15:31:23.386006,NIFTY,BUY,25931.05078125,25,0
2025-12-25 15:31:23.395303,NIFTY,SELL,25933.099609375,25,51.220703125
2025-12-25 15:31:23.407020,NIFTY,BUY,25941.25,25,0
2025-12-25 15:31:23.429753,NIFTY,SELL,26036.19921875,25,2373.73046875
2025-12-25 15:31:23.446734,NIFTY,BUY,26003.55078125,25,0
2025-12-25 15:31:23.480166,NIFTY,SELL,26163.55078125,25,4000.0
2025-12-25 15:31:23.489378,NIFTY,BUY,26188.650390625,25,0
2025-12-25 15:31:23.495893,NIFTY,SELL,26128.80078125,25,-1496.240234375
2025-12-25 15:31:23.525876,NIFTY,BUY,25939.599609375,25,0
2025-12-25 15:31:23.533221,NIFTY,SELL,25819.94921875,25,-2991.259765625
2025-12-25 15:31:23.542646,NIFTY,BUY,25811.55078125,25,0
2025-12-25 15:31:23.559077,NIFTY,SELL,25877.349609375,25,1644.970703125
2025-12-25 15:31:23.563968,NIFTY,BUY,25879.94921875,25,0
2025-12-25 15:31:23.568266,NIFTY,SELL,25889.349609375,25,235.009765625
2025-12-25 15:31:23.571234,NIFTY,BUY,25902.30078125,25,0
2025-12-25 15:31:23.577054,NIFTY,SELL,25859.0,25,-1082.51953125
2025-12-25 15:31:23.588262,NIFTY,BUY,25880.55078125,25,0
2025-12-25 15:31:23.602023,NIFTY,SELL,25835.30078125,25,-1131.25
2025-12-25 15:31:23.620248,NIFTY,BUY,25836.30078125,25,0
2025-12-25 15:31:23.625957,NIFTY,SELL,25764.099609375,25,-1805.029296875
2025-12-25 15:31:23.638776,NIFTY,BUY,25798.25,25,0
2025-12-25 15:31:23.643275,NIFTY,SELL,25737.80078125,25,-1511.23046875
2025-12-25 15:31:23.649202,NIFTY,BUY,25813.05078125,25,0
2025-12-25 15:31:23.667714,NIFTY,SELL,25855.150390625,25,1052.490234375
2025-12-25 15:31:23.674558,NIFTY,BUY,25890.900390625,25,0
2025-12-25 15:31:23.680011,NIFTY,SELL,25879.44921875,25,-286.279296875
2025-12-25 15:31:23.684081,NIFTY,BUY,25916.5,25,0
2025-12-25 15:31:23.689381,NIFTY,SELL,25874.25,25,-1056.25
2025-12-25 15:31:23.694516,NIFTY,BUY,25895.44921875,25,0
2025-12-25 15:31:23.705607,NIFTY,SELL,25982.400390625,25,2173.779296875
2025-12-25 15:31:23.712946,NIFTY,BUY,26015.69921875,25,0
2025-12-25 15:31:23.728503,NIFTY,SELL,26020.0,25,107.51953125
2025-12-25 15:31:23.733219,NIFTY,BUY,26022.849609375,25,0
2025-12-25 15:31:23.740886,NIFTY,SELL,26020.5,25,-58.740234375
2025-12-25 15:31:23.745099,NIFTY,BUY,26052.0,25,0
2025-12-25 15:31:23.750118,NIFTY,SELL,25953.30078125,25,-2467.48046875
2025-12-25 15:31:23.759615,NIFTY,BUY,25975.349609375,25,0
2025-12-25 15:31:23.781434,NIFTY,SELL,26009.849609375,25,862.5
2025-12-25 15:31:23.787617,NIFTY,BUY,26034.349609375,25,0
2025-12-25 15:31:23.793619,NIFTY,SELL,25943.30078125,25,-2276.220703125
2025-12-25 15:31:23.813739,NIFTY,BUY,25906.150390625,25,0
2025-12-25 15:31:23.820445,NIFTY,SELL,25898.75,25,-185.009765625
2025-12-25 15:31:23.827856,NIFTY,BUY,25908.05078125,25,0
2025-12-25 15:31:23.834940,NIFTY,SELL,25860.400390625,25,-1191.259765625
2025-12-25 15:31:23.846640,NIFTY,BUY,25903.30078125,25,0
2025-12-25 15:31:23.853469,NIFTY,SELL,25846.099609375,25,-1430.029296875
2025-12-25 15:31:23.868775,NIFTY,BUY,25829.650390625,25,0
2025-12-25 15:31:23.874226,NIFTY,SELL,25791.099609375,25,-963.76953125
2025-12-25 15:31:23.884440,NIFTY,BUY,25811.400390625,25,0
2025-12-25 15:31:23.889389,NIFTY,SELL,25793.599609375,25,-445.01953125
2025-12-25 15:31:23.895457,NIFTY,BUY,25827.400390625,25,0
2025-12-25 15:31:23.900241,NIFTY,SELL,25792.599609375,25,-870.01953125
2025-12-25 15:31:23.903934,NIFTY,BUY,25812.900390625,25,0
2025-12-25 15:31:23.910868,NIFTY,SELL,25780.05078125,25,-821.240234375
2025-12-25 15:31:23.919067,NIFTY,BUY,25834.44921875,25,0
2025-12-25 15:31:23.939982,NIFTY,SELL,25867.150390625,25,817.529296875
2025-12-25 15:31:23.955579,NIFTY,BUY,25816.55078125,25,0
2025-12-25 15:31:23.972217,NIFTY,SELL,25952.80078125,25,3406.25
2025-12-25 15:31:23.983227,NIFTY,BUY,25935.69921875,25,0
2025-12-25 15:31:24.000561,NIFTY,SELL,25958.75,25,576.26953125
2025-12-25 15:31:24.006668,NIFTY,BUY,26093.900390625,25,0
2025-12-25 15:31:24.020767,NIFTY,SELL,26123.55078125,25,741.259765625
2025-12-25 15:31:24.025467,NIFTY,BUY,26133.900390625,25,0
2025-12-25 15:31:24.034492,NIFTY,SELL,26122.099609375,25,-295.01953125
2025-12-25 15:31:24.039584,NIFTY,BUY,26141.849609375,25,0
2025-12-25 15:31:24.050623,NIFTY,SELL,26133.650390625,25,-204.98046875
2025-12-25 15:31:24.054844,NIFTY,BUY,26163.349609375,25,0
2025-12-25 15:31:24.065211,NIFTY,SELL,26143.5,25,-496.240234375
2025-12-25 15:31:24.071440,NIFTY,BUY,26186.75,25,0
2025-12-25 15:31:24.084829,NIFTY,SELL,26160.599609375,25,-653.759765625
2025-12-25 15:31:24.090819,NIFTY,BUY,26187.69921875,25,0
2025-12-25 15:31:24.095504,NIFTY,SELL,26168.349609375,25,-483.740234375
2025-12-25 15:31:24.100522,NIFTY,BUY,26182.099609375,25,0
2025-12-25 15:31:24.114091,NIFTY,SELL,26180.150390625,25,-48.73046875
2025-12-25 15:31:24.123002,NIFTY,BUY,26222.650390625,25,0
2025-12-25 15:31:24.133698,NIFTY,SELL,26210.80078125,25,-296.240234375
2025-12-25 15:31:42.852398,NIFTY,BUY,26185.349609375,25,0
2025-12-25 15:31:42.872572,NIFTY,SELL,26270.400390625,25,2126.26953125
2025-12-25 15:31:42.891506,NIFTY,BUY,26206.05078125,25,0
2025-12-25 15:31:42.909138,NIFTY,SELL,26243.400390625,25,933.740234375
2025-12-25 15:31:42.922814,NIFTY,BUY,26217.69921875,25,0
2025-12-25 15:31:42.926865,NIFTY,SELL,26206.25,25,-286.23046875
2025-12-25 15:31:42.937600,NIFTY,BUY,26285.30078125,25,0
2025-12-25 15:31:42.947743,NIFTY,SELL,26258.599609375,25,-667.529296875
2025-12-25 15:31:42.962503,NIFTY,BUY,26195.150390625,25,0
2025-12-25 15:31:42.972877,NIFTY,SELL,26174.19921875,25,-523.779296875
2025-12-25 15:31:42.988967,NIFTY,BUY,26098.05078125,25,0
2025-12-25 15:31:42.994548,NIFTY,SELL,26066.69921875,25,-783.7890625
2025-12-25 15:31:43.005497,NIFTY,BUY,26060.599609375,25,0
2025-12-25 15:31:43.008941,NIFTY,SELL,26049.400390625,25,-279.98046875
2025-12-25 15:31:43.019022,NIFTY,BUY,26058.94921875,25,0
2025-12-25 15:31:43.023727,NIFTY,SELL,26038.19921875,25,-518.75
2025-12-25 15:31:43.030503,NIFTY,BUY,26050.900390625,25,0
2025-12-25 15:31:43.035110,NIFTY,SELL,25962.0,25,-2222.509765625
2025-12-25 15:31:43.049413,NIFTY,BUY,25931.05078125,25,0
2025-12-25 15:31:43.058465,NIFTY,SELL,25933.099609375,25,51.220703125
2025-12-25 15:31:43.069794,NIFTY,BUY,25941.25,25,0
2025-12-25 15:31:43.090784,NIFTY,SELL,26036.19921875,25,2373.73046875
2025-12-25 15:31:43.107219,NIFTY,BUY,26003.55078125,25,0
2025-12-25 15:31:43.139464,NIFTY,SELL,26163.55078125,25,4000.0
2025-12-25 15:31:43.149554,NIFTY,BUY,26188.650390625,25,0
2025-12-25 15:31:43.156484,NIFTY,SELL,26128.80078125,25,-1496.240234375
2025-12-25 15:31:43.186241,NIFTY,BUY,25939.599609375,25,0
2025-12-25 15:31:43.192128,NIFTY,SELL,25819.94921875,25,-2991.259765625
2025-12-25 15:31:43.203724,NIFTY,BUY,25811.55078125,25,0
2025-12-25 15:31:43.221470,NIFTY,SELL,25877.349609375,25,1644.970703125
2025-12-25 15:31:43.224900,NIFTY,BUY,25879.94921875,25,0
2025-12-25 15:31:43.227241,NIFTY,SELL,25889.349609375,25,235.009765625
2025-12-25 15:31:43.230955,NIFTY,BUY,25902.30078125,25,0
2025-12-25 15:31:43.236433,NIFTY,SELL,25859.0,25,-1082.51953125
2025-12-25 15:31:43.246130,NIFTY,BUY,25880.55078125,25,0
2025-12-25 15:31:43.257764,NIFTY,SELL,25835.30078125,25,-1131.25
2025-12-25 15:31:43.274275,NIFTY,BUY,25836.30078125,25,0
2025-12-25 15:31:43.280578,NIFTY,SELL,25764.099609375,25,-1805.029296875
2025-12-25 15:31:43.291130,NIFTY,BUY,25798.25,25,0
2025-12-25 15:31:43.295958,NIFTY,SELL,25737.80078125,25,-1511.23046875
2025-12-25 15:31:43.302237,NIFTY,BUY,25813.05078125,25,0
2025-12-25 15:31:43.319161,NIFTY,SELL,25855.150390625,25,1052.490234375
2025-12-25 15:31:43.326658,NIFTY,BUY,25890.900390625,25,0
2025-12-25 15:31:43.331636,NIFTY,SELL,25879.44921875,25,-286.279296875
2025-12-25 15:31:43.334760,NIFTY,BUY,25916.5,25,0
2025-12-25 15:31:43.339904,NIFTY,SELL,25874.25,25,-1056.25
2025-12-25 15:31:43.343044,NIFTY,BUY,25895.44921875,25,0
2025-12-25 15:31:43.353981,NIFTY,SELL,25982.400390625,25,2173.779296875
2025-12-25 15:31:43.361816,NIFTY,BUY,26015.69921875,25,0
2025-12-25 15:31:43.376651,NIFTY,SELL,26020.0,25,107.51953125
2025-12-25 15:31:43.381825,NIFTY,BUY,26022.849609375,25,0
2025-12-25 15:31:43.390151,NIFTY,SELL,26020.5,25,-58.740234375
2025-12-25 15:31:43.395129,NIFTY,BUY,26052.0,25,0
2025-12-25 15:31:43.401243,NIFTY,SELL,25953.30078125,25,-2467.48046875
2025-12-25 15:31:43.410295,NIFTY,BUY,25975.349609375,25,0
2025-12-25 15:31:43.434552,NIFTY,SELL,26009.849609375,25,862.5
2025-12-25 15:31:43.440393,NIFTY,BUY,26034.349609375,25,0
2025-12-25 15:31:43.447169,NIFTY,SELL,25943.30078125,25,-2276.220703125
2025-12-25 15:31:43.466862,NIFTY,BUY,25906.150390625,25,0
2025-12-25 15:31:43.472650,NIFTY,SELL,25898.75,25,-185.009765625
2025-12-25 15:31:43.480070,NIFTY,BUY,25908.05078125,25,0
2025-12-25 15:31:43.486745,NIFTY,SELL,25860.400390625,25,-1191.259765625
2025-12-25 15:31:43.496761,NIFTY,BUY,25903.30078125,25,0
2025-12-25 15:31:43.502870,NIFTY,SELL,25846.099609375,25,-1430.029296875
2025-12-25 15:31:43.516152,NIFTY,BUY,25829.650390625,25,0
2025-12-25 15:31:43.519983,NIFTY,SELL,25791.099609375,25,-963.76953125
2025-12-25 15:31:43.531248,NIFTY,BUY,25811.400390625,25,0
2025-12-25 15:31:43.536436,NIFTY,SELL,25793.599609375,25,-445.01953125
2025-12-25 15:31:43.541833,NIFTY,BUY,25827.400390625,25,0
2025-12-25 15:31:43.546845,NIFTY,SELL,25792.599609375,25,-870.01953125
2025-12-25 15:31:43.550770,NIFTY,BUY,25812.900390625,25,0
2025-12-25 15:31:43.558935,NIFTY,SELL,25780.05078125,25,-821.240234375
2025-12-25 15:31:43.567377,NIFTY,BUY,25834.44921875,25,0
2025-12-25 15:31:43.587925,NIFTY,SELL,25867.150390625,25,817.529296875
2025-12-25 15:31:43.600738,NIFTY,BUY,25816.55078125,25,0
2025-12-25 15:31:43.618347,NIFTY,SELL,25952.80078125,25,3406.25
2025-12-25 15:31:43.627503,NIFTY,BUY,25935.69921875,25,0
2025-12-25 15:31:43.644602,NIFTY,SELL,25958.75,25,576.26953125
2025-12-25 15:31:43.651216,NIFTY,BUY,26093.900390625,25,0
2025-12-25 15:31:43.665004,NIFTY,SELL,26123.55078125,25,741.259765625
2025-12-25 15:31:43.670430,NIFTY,BUY,26133.900390625,25,0
2025-12-25 15:31:43.679847,NIFTY,SELL,26122.099609375,25,-295.01953125
2025-12-25 15:31:43.684639,NIFTY,BUY,26141.849609375,25,0
2025-12-25 15:31:43.693455,NIFTY,SELL,26133.650390625,25,-204.98046875
2025-12-25 15:31:43.698606,NIFTY,BUY,26163.349609375,25,0
2025-12-25 15:31:43.710195,NIFTY,SELL,26143.5,25,-496.240234375
2025-12-25 15:31:43.718346,NIFTY,BUY,26186.75,25,0
2025-12-25 15:31:43.729614,NIFTY,SELL,26160.599609375,25,-653.759765625
2025-12-25 15:31:43.735977,NIFTY,BUY,26187.69921875,25,0
2025-12-25 15:31:43.741075,NIFTY,SELL,26168.349609375,25,-483.740234375
2025-12-25 15:31:43.746720,NIFTY,BUY,26182.099609375,25,0
2025-12-25 15:31:43.759590,NIFTY,SELL,26180.150390625,25,-48.73046875
2025-12-25 15:31:43.767844,NIFTY,BUY,26222.650390625,25,0
2025-12-25 15:31:43.777923,NIFTY,SELL,26210.80078125,25,-296.240234375
2025-12-25 16:02:51.113542,NIFTY,BUY,26206.19921875,25,0
2025-12-25 16:02:51.147150,NIFTY,SELL,26256.69921875,25,1262.5
2025-12-25 16:02:51.169113,NIFTY,BUY,26285.30078125,25,0
2025-12-25 16:02:51.181306,NIFTY,SELL,26238.94921875,25,-1158.7890625
2025-12-25 16:02:51.198608,NIFTY,BUY,26194.75,25,0
2025-12-25 16:02:51.207150,NIFTY,SELL,26141.94921875,25,-1320.01953125
2025-12-25 16:02:51.223699,NIFTY,BUY,26068.400390625,25,0
2025-12-25 16:02:51.228574,NIFTY,SELL,26053.25,25,-378.759765625
2025-12-25 16:02:51.260892,NIFTY,BUY,25933.05078125,25,0
2025-12-25 16:02:51.272013,NIFTY,SELL,25930.05078125,25,-75.0
2025-12-25 16:02:51.283186,NIFTY,BUY,25940.44921875,25,0
2025-12-25 16:02:51.303364,NIFTY,SELL,26017.55078125,25,1927.5390625
2025-12-25 16:02:51.320653,NIFTY,BUY,26000.849609375,25,0
2025-12-25 16:02:51.352142,NIFTY,SELL,26165.099609375,25,4106.25
2025-12-25 16:02:51.362279,NIFTY,BUY,26176.650390625,25,0
2025-12-25 16:02:51.368452,NIFTY,SELL,26130.349609375,25,-1157.51953125
2025-12-25 16:02:51.399941,NIFTY,BUY,25971.150390625,25,0
2025-12-25 16:02:51.405868,NIFTY,SELL,25798.80078125,25,-4308.740234375
2025-12-25 16:02:51.416767,NIFTY,BUY,25825.599609375,25,0
2025-12-25 16:02:51.437763,NIFTY,SELL,25825.150390625,25,-11.23046875
2025-12-25 16:02:51.447665,NIFTY,BUY,25901.94921875,25,0
2025-12-25 16:02:51.458947,NIFTY,SELL,25874.650390625,25,-682.470703125
2025-12-25 16:02:51.474989,NIFTY,BUY,25825.05078125,25,0
2025-12-25 16:02:51.481558,NIFTY,SELL,25758.5,25,-1663.76953125
2025-12-25 16:02:51.499389,NIFTY,BUY,25808.650390625,25,0
2025-12-25 16:02:51.521410,NIFTY,SELL,25883.0,25,1858.740234375
2025-12-25 16:02:51.527670,NIFTY,BUY,25879.44921875,25,0
2025-12-25 16:02:51.545331,NIFTY,SELL,25963.05078125,25,2090.0390625
2025-12-25 16:02:51.552553,NIFTY,BUY,26008.69921875,25,0
2025-12-25 16:02:51.576252,NIFTY,SELL,25953.30078125,25,-1384.9609375
2025-12-25 16:02:51.588170,NIFTY,BUY,25987.25,25,0
2025-12-25 16:02:51.610338,NIFTY,SELL,26013.69921875,25,661.23046875
2025-12-25 16:02:51.618136,NIFTY,BUY,26030.05078125,25,0
2025-12-25 16:02:51.622754,NIFTY,SELL,25943.30078125,25,-2168.75
2025-12-25 16:02:51.644161,NIFTY,BUY,25898.75,25,0
2025-12-25 16:02:51.649433,NIFTY,SELL,25883.80078125,25,-373.73046875
2025-12-25 16:02:51.654537,NIFTY,BUY,25908.05078125,25,0
2025-12-25 16:02:51.661495,NIFTY,SELL,25868.75,25,-982.51953125
2025-12-25 16:02:51.672655,NIFTY,BUY,25914.349609375,25,0
2025-12-25 16:02:51.679638,NIFTY,SELL,25848.94921875,25,-1635.009765625
2025-12-25 16:02:51.701925,NIFTY,BUY,25796.099609375,25,0
2025-12-25 16:02:51.716136,NIFTY,SELL,25774.55078125,25,-538.720703125
2025-12-25 16:02:51.724631,NIFTY,BUY,25843.349609375,25,0
2025-12-25 16:02:51.743033,NIFTY,SELL,25857.099609375,25,343.75
2025-12-25 16:02:51.756567,NIFTY,BUY,25944.30078125,25,0
2025-12-25 16:02:51.770932,NIFTY,SELL,25929.75,25,-363.76953125
2025-12-25 16:02:51.780233,NIFTY,BUY,25951.349609375,25,0
2025-12-25 16:02:51.798893,NIFTY,SELL,25970.349609375,25,475.0
2025-12-25 16:02:51.803331,NIFTY,BUY,26093.900390625,25,0
2025-12-25 16:02:51.841242,NIFTY,SELL,26124.30078125,25,760.009765625
2025-12-25 16:02:51.850057,NIFTY,BUY,26172.099609375,25,0
2025-12-25 16:02:51.861985,NIFTY,SELL,26185.650390625,25,338.76953125
2025-12-25 16:02:51.871347,NIFTY,BUY,26186.94921875,25,0
2025-12-25 16:02:51.884097,NIFTY,SELL,26172.44921875,25,-362.5
2025-12-25 16:02:51.892147,NIFTY,BUY,26215.69921875,25,0
2025-12-25 16:02:51.904495,NIFTY,SELL,26208.25,25,-186.23046875
2025-12-25 16:17:07.351099,NIFTY,BUY,26185.349609375,25,0
2025-12-25 16:17:07.384220,NIFTY,SELL,26270.400390625,25,2126.26953125
2025-12-25 16:17:07.403518,NIFTY,BUY,26206.05078125,25,0
2025-12-25 16:17:07.425979,NIFTY,SELL,26243.400390625,25,933.740234375
2025-12-25 16:17:07.442937,NIFTY,BUY,26217.69921875,25,0
2025-12-25 16:17:07.446528,NIFTY,SELL,26206.25,25,-286.23046875
2025-12-25 16:17:07.459312,NIFTY,BUY,26285.30078125,25,0
2025-12-25 16:17:07.469811,NIFTY,SELL,26258.599609375,25,-667.529296875
2025-12-25 16:17:07.485818,NIFTY,BUY,26195.150390625,25,0
2025-12-25 16:17:07.496154,NIFTY,SELL,26174.19921875,25,-523.779296875
2025-12-25 16:17:07.513202,NIFTY,BUY,26098.05078125,25,0
2025-12-25 16:17:07.520667,NIFTY,SELL,26066.69921875,25,-783.7890625
2025-12-25 16:17:07.531531,NIFTY,BUY,26060.599609375,25,0
2025-12-25 16:17:07.535558,NIFTY,SELL,26049.400390625,25,-279.98046875
2025-12-25 16:17:07.550654,NIFTY,BUY,26058.94921875,25,0
2025-12-25 16:17:07.558927,NIFTY,SELL,26038.19921875,25,-518.75
2025-12-25 16:17:07.569550,NIFTY,BUY,26050.900390625,25,0
2025-12-25 16:17:07.575370,NIFTY,SELL,25962.0,25,-2222.509765625
2025-12-25 16:17:07.592615,NIFTY,BUY,25931.05078125,25,0
2025-12-25 16:17:07.602543,NIFTY,SELL,25933.099609375,25,51.220703125
2025-12-25 16:17:07.612799,NIFTY,BUY,25941.25,25,0
2025-12-25 16:17:07.635525,NIFTY,SELL,26036.19921875,25,2373.73046875
2025-12-25 16:17:07.653007,NIFTY,BUY,26003.55078125,25,0
2025-12-25 16:17:07.690487,NIFTY,SELL,26163.55078125,25,4000.0
2025-12-25 16:17:07.701384,NIFTY,BUY,26188.650390625,25,0
2025-12-25 16:17:07.707820,NIFTY,SELL,26128.80078125,25,-1496.240234375
2025-12-25 16:17:07.740570,NIFTY,BUY,25939.599609375,25,0
2025-12-25 16:17:07.746497,NIFTY,SELL,25819.94921875,25,-2991.259765625
2025-12-25 16:17:07.756504,NIFTY,BUY,25811.55078125,25,0
2025-12-25 16:17:07.772849,NIFTY,SELL,25877.349609375,25,1644.970703125
2025-12-25 16:17:07.776639,NIFTY,BUY,25879.94921875,25,0
2025-12-25 16:17:07.779846,NIFTY,SELL,25889.349609375,25,235.009765625
2025-12-25 16:17:07.783658,NIFTY,BUY,25902.30078125,25,0
2025-12-25 16:17:07.790964,NIFTY,SELL,25859.0,25,-1082.51953125
2025-12-25 16:17:07.801176,NIFTY,BUY,25880.55078125,25,0
2025-12-25 16:17:07.812808,NIFTY,SELL,25835.30078125,25,-1131.25
2025-12-25 16:17:07.829125,NIFTY,BUY,25836.30078125,25,0
2025-12-25 16:17:07.835200,NIFTY,SELL,25764.099609375,25,-1805.029296875
2025-12-25 16:17:07.847502,NIFTY,BUY,25798.25,25,0
2025-12-25 16:17:07.853649,NIFTY,SELL,25737.80078125,25,-1511.23046875
2025-12-25 16:17:07.859127,NIFTY,BUY,25813.05078125,25,0
2025-12-25 16:17:07.877795,NIFTY,SELL,25855.150390625,25,1052.490234375
2025-12-25 16:17:07.886846,NIFTY,BUY,25890.900390625,25,0
2025-12-25 16:17:07.891936,NIFTY,SELL,25879.44921875,25,-286.279296875
2025-12-25 16:17:07.895619,NIFTY,BUY,25916.5,25,0
2025-12-25 16:17:07.901090,NIFTY,SELL,25874.25,25,-1056.25
2025-12-25 16:17:07.905243,NIFTY,BUY,25895.44921875,25,0
2025-12-25 16:17:07.918866,NIFTY,SELL,25982.400390625,25,2173.779296875
2025-12-25 16:17:07.928430,NIFTY,BUY,26015.69921875,25,0
2025-12-25 16:17:07.944968,NIFTY,SELL,26020.0,25,107.51953125
2025-12-25 16:17:07.949652,NIFTY,BUY,26022.849609375,25,0
2025-12-25 16:17:07.958321,NIFTY,SELL,26020.5,25,-58.740234375
2025-12-25 16:17:07.963018,NIFTY,BUY,26052.0,25,0
2025-12-25 16:17:07.968749,NIFTY,SELL,25953.30078125,25,-2467.48046875
2025-12-25 16:17:07.978532,NIFTY,BUY,25975.349609375,25,0
2025-12-25 16:17:08.003308,NIFTY,SELL,26009.849609375,25,862.5
2025-12-25 16:17:08.010344,NIFTY,BUY,26034.349609375,25,0
2025-12-25 16:17:08.016915,NIFTY,SELL,25943.30078125,25,-2276.220703125
2025-12-25 16:17:08.038556,NIFTY,BUY,25906.150390625,25,0
2025-12-25 16:17:08.044788,NIFTY,SELL,25898.75,25,-185.009765625
2025-12-25 16:17:08.053547,NIFTY,BUY,25908.05078125,25,0
2025-12-25 16:17:08.060392,NIFTY,SELL,25860.400390625,25,-1191.259765625
2025-12-25 16:17:08.071784,NIFTY,BUY,25903.30078125,25,0
2025-12-25 16:17:08.078398,NIFTY,SELL,25846.099609375,25,-1430.029296875
2025-12-25 16:17:08.091620,NIFTY,BUY,25829.650390625,25,0
2025-12-25 16:17:08.096578,NIFTY,SELL,25791.099609375,25,-963.76953125
2025-12-25 16:17:08.108332,NIFTY,BUY,25811.400390625,25,0
2025-12-25 16:17:08.114053,NIFTY,SELL,25793.599609375,25,-445.01953125
2025-12-25 16:17:08.120071,NIFTY,BUY,25827.400390625,25,0
2025-12-25 16:17:08.126219,NIFTY,SELL,25792.599609375,25,-870.01953125
2025-12-25 16:17:08.130658,NIFTY,BUY,25812.900390625,25,0
2025-12-25 16:17:08.139564,NIFTY,SELL,25780.05078125,25,-821.240234375
2025-12-25 16:17:08.148643,NIFTY,BUY,25834.44921875,25,0
2025-12-25 16:17:08.169482,NIFTY,SELL,25867.150390625,25,817.529296875
2025-12-25 16:17:08.184044,NIFTY,BUY,25816.55078125,25,0
2025-12-25 16:17:08.199763,NIFTY,SELL,25952.80078125,25,3406.25
2025-12-25 16:17:08.211001,NIFTY,BUY,25935.69921875,25,0
2025-12-25 16:17:08.228852,NIFTY,SELL,25958.75,25,576.26953125
2025-12-25 16:17:08.236189,NIFTY,BUY,26093.900390625,25,0
2025-12-25 16:17:08.250832,NIFTY,SELL,26123.55078125,25,741.259765625
2025-12-25 16:17:08.256012,NIFTY,BUY,26133.900390625,25,0
2025-12-25 16:17:08.264202,NIFTY,SELL,26122.099609375,25,-295.01953125
2025-12-25 16:17:08.269970,NIFTY,BUY,26141.849609375,25,0
2025-12-25 16:17:08.278999,NIFTY,SELL,26133.650390625,25,-204.98046875
2025-12-25 16:17:08.284220,NIFTY,BUY,26163.349609375,25,0
2025-12-25 16:17:08.294512,NIFTY,SELL,26143.5,25,-496.240234375
2025-12-25 16:17:08.301716,NIFTY,BUY,26186.75,25,0
2025-12-25 16:17:08.315156,NIFTY,SELL,26160.599609375,25,-653.759765625
2025-12-25 16:17:08.321902,NIFTY,BUY,26187.69921875,25,0
2025-12-25 16:17:08.327325,NIFTY,SELL,26168.349609375,25,-483.740234375
2025-12-25 16:17:08.333266,NIFTY,BUY,26182.099609375,25,0
2025-12-25 16:17:08.347116,NIFTY,SELL,26180.150390625,25,-48.73046875
2025-12-25 16:17:08.356879,NIFTY,BUY,26222.650390625,25,0
2025-12-25 16:17:08.366866,NIFTY,SELL,26210.80078125,25,-296.240234375
2025-12-25 16:17:11.412302,NIFTY,BUY,26185.349609375,25,0
2025-12-25 16:17:11.433233,NIFTY,SELL,26270.400390625,25,2126.26953125
2025-12-25 16:17:11.452112,NIFTY,BUY,26206.05078125,25,0
2025-12-25 16:17:11.471154,NIFTY,SELL,26243.400390625,25,933.740234375
2025-12-25 16:17:11.484295,NIFTY,BUY,26217.69921875,25,0
2025-12-25 16:17:11.488792,NIFTY,SELL,26206.25,25,-286.23046875
2025-12-25 16:17:11.500514,NIFTY,BUY,26285.30078125,25,0
2025-12-25 16:17:11.511896,NIFTY,SELL,26258.599609375,25,-667.529296875
2025-12-25 16:17:11.528816,NIFTY,BUY,26195.150390625,25,0
2025-12-25 16:17:11.541493,NIFTY,SELL,26174.19921875,25,-523.779296875
2025-12-25 16:17:11.560387,NIFTY,BUY,26098.05078125,25,0
2025-12-25 16:17:11.566236,NIFTY,SELL,26066.69921875,25,-783.7890625
2025-12-25 16:17:11.576249,NIFTY,BUY,26060.599609375,25,0
2025-12-25 16:17:11.579721,NIFTY,SELL,26049.400390625,25,-279.98046875
2025-12-25 16:17:11.589439,NIFTY,BUY,26058.94921875,25,0
2025-12-25 16:17:11.594617,NIFTY,SELL,26038.19921875,25,-518.75
2025-12-25 16:17:11.601064,NIFTY,BUY,26050.900390625,25,0
2025-12-25 16:17:11.605525,NIFTY,SELL,25962.0,25,-2222.509765625
2025-12-25 16:17:11.618829,NIFTY,BUY,25931.05078125,25,0
2025-12-25 16:17:11.628083,NIFTY,SELL,25933.099609375,25,51.220703125
2025-12-25 16:17:11.638706,NIFTY,BUY,25941.25,25,0
2025-12-25 16:17:11.661754,NIFTY,SELL,26036.19921875,25,2373.73046875
2025-12-25 16:17:11.679096,NIFTY,BUY,26003.55078125,25,0
2025-12-25 16:17:11.714759,NIFTY,SELL,26163.55078125,25,4000.0
2025-12-25 16:17:11.726928,NIFTY,BUY,26188.650390625,25,0
2025-12-25 16:17:11.733351,NIFTY,SELL,26128.80078125,25,-1496.240234375
2025-12-25 16:17:11.765766,NIFTY,BUY,25939.599609375,25,0
2025-12-25 16:17:11.772747,NIFTY,SELL,25819.94921875,25,-2991.259765625
2025-12-25 16:17:11.781493,NIFTY,BUY,25811.55078125,25,0
2025-12-25 16:17:11.799550,NIFTY,SELL,25877.349609375,25,1644.970703125
2025-12-25 16:17:11.803827,NIFTY,BUY,25879.94921875,25,0
2025-12-25 16:17:11.807824,NIFTY,SELL,25889.349609375,25,235.009765625
2025-12-25 16:17:11.811611,NIFTY,BUY,25902.30078125,25,0
2025-12-25 16:17:11.817710,NIFTY,SELL,25859.0,25,-1082.51953125
2025-12-25 16:17:11.827822,NIFTY,BUY,25880.55078125,25,0
2025-12-25 16:17:11.839662,NIFTY,SELL,25835.30078125,25,-1131.25
2025-12-25 16:17:11.856323,NIFTY,BUY,25836.30078125,25,0
2025-12-25 16:17:11.862240,NIFTY,SELL,25764.099609375,25,-1805.029296875
2025-12-25 16:17:11.875498,NIFTY,BUY,25798.25,25,0
2025-12-25 16:17:11.880061,NIFTY,SELL,25737.80078125,25,-1511.23046875
2025-12-25 16:17:11.884674,NIFTY,BUY,25813.05078125,25,0
2025-12-25 16:17:11.902948,NIFTY,SELL,25855.150390625,25,1052.490234375
2025-12-25 16:17:11.910709,NIFTY,BUY,25890.900390625,25,0
2025-12-25 16:17:11.915835,NIFTY,SELL,25879.44921875,25,-286.279296875
2025-12-25 16:17:11.920159,NIFTY,BUY,25916.5,25,0
2025-12-25 16:17:11.926202,NIFTY,SELL,25874.25,25,-1056.25
2025-12-25 16:17:11.931975,NIFTY,BUY,25895.44921875,25,0
2025-12-25 16:17:11.943547,NIFTY,SELL,25982.400390625,25,2173.779296875
2025-12-25 16:17:11.952007,NIFTY,BUY,26015.69921875,25,0
2025-12-25 16:17:11.967189,NIFTY,SELL,26020.0,25,107.51953125
2025-12-25 16:17:11.972584,NIFTY,BUY,26022.849609375,25,0
2025-12-25 16:17:11.980339,NIFTY,SELL,26020.5,25,-58.740234375
2025-12-25 16:17:11.985030,NIFTY,BUY,26052.0,25,0
2025-12-25 16:17:11.990422,NIFTY,SELL,25953.30078125,25,-2467.48046875
2025-12-25 16:17:11.999238,NIFTY,BUY,25975.349609375,25,0
2025-12-25 16:17:12.022569,NIFTY,SELL,26009.849609375,25,862.5
2025-12-25 16:17:12.028820,NIFTY,BUY,26034.349609375,25,0
2025-12-25 16:17:12.035440,NIFTY,SELL,25943.30078125,25,-2276.220703125
2025-12-25 16:17:12.056813,NIFTY,BUY,25906.150390625,25,0
2025-12-25 16:17:12.062679,NIFTY,SELL,25898.75,25,-185.009765625
2025-12-25 16:17:12.069055,NIFTY,BUY,25908.05078125,25,0
2025-12-25 16:17:12.076406,NIFTY,SELL,25860.400390625,25,-1191.259765625
2025-12-25 16:17:12.086310,NIFTY,BUY,25903.30078125,25,0
2025-12-25 16:17:12.093004,NIFTY,SELL,25846.099609375,25,-1430.029296875
2025-12-25 16:17:12.106296,NIFTY,BUY,25829.650390625,25,0
2025-12-25 16:17:12.110495,NIFTY,SELL,25791.099609375,25,-963.76953125
2025-12-25 16:17:12.119862,NIFTY,BUY,25811.400390625,25,0
2025-12-25 16:17:12.125582,NIFTY,SELL,25793.599609375,25,-445.01953125
2025-12-25 16:17:12.130732,NIFTY,BUY,25827.400390625,25,0
2025-12-25 16:17:12.136251,NIFTY,SELL,25792.599609375,25,-870.01953125
2025-12-25 16:17:12.140481,NIFTY,BUY,25812.900390625,25,0
2025-12-25 16:17:12.147802,NIFTY,SELL,25780.05078125,25,-821.240234375
2025-12-25 16:17:12.155845,NIFTY,BUY,25834.44921875,25,0
2025-12-25 16:17:12.178640,NIFTY,SELL,25867.150390625,25,817.529296875
2025-12-25 16:17:12.192165,NIFTY,BUY,25816.55078125,25,0
2025-12-25 16:17:12.206566,NIFTY,SELL,25952.80078125,25,3406.25
2025-12-25 16:17:12.215721,NIFTY,BUY,25935.69921875,25,0
2025-12-25 16:17:12.233108,NIFTY,SELL,25958.75,25,576.26953125
2025-12-25 16:17:12.240963,NIFTY,BUY,26093.900390625,25,0
2025-12-25 16:17:12.254489,NIFTY,SELL,26123.55078125,25,741.259765625
2025-12-25 16:17:12.260132,NIFTY,BUY,26133.900390625,25,0
2025-12-25 16:17:12.268753,NIFTY,SELL,26122.099609375,25,-295.01953125
2025-12-25 16:17:12.275123,NIFTY,BUY,26141.849609375,25,0
2025-12-25 16:17:12.283887,NIFTY,SELL,26133.650390625,25,-204.98046875
2025-12-25 16:17:12.289423,NIFTY,BUY,26163.349609375,25,0
2025-12-25 16:17:12.299202,NIFTY,SELL,26143.5,25,-496.240234375
2025-12-25 16:17:12.306999,NIFTY,BUY,26186.75,25,0
2025-12-25 16:17:12.319484,NIFTY,SELL,26160.599609375,25,-653.759765625
2025-12-25 16:17:12.325035,NIFTY,BUY,26187.69921875,25,0
2025-12-25 16:17:12.329640,NIFTY,SELL,26168.349609375,25,-483.740234375
2025-12-25 16:17:12.334160,NIFTY,BUY,26182.099609375,25,0
2025-12-25 16:17:12.346622,NIFTY,SELL,26180.150390625,25,-48.73046875
2025-12-25 16:17:12.356326,NIFTY,BUY,26222.650390625,25,0
2025-12-25 16:17:12.367361,NIFTY,SELL,26210.80078125,25,-296.240234375
2025-12-25 16:28:32.214866,NIFTY,BUY,26185.349609375,25,0
2025-12-25 16:28:32.232655,NIFTY,SELL,26270.400390625,25,2126.26953125
2025-12-25 16:28:32.252112,NIFTY,BUY,26206.05078125,25,0
2025-12-25 16:28:32.272601,NIFTY,SELL,26243.400390625,25,933.740234375
2025-12-25 16:28:32.287398,NIFTY,BUY,26217.69921875,25,0
2025-12-25 16:28:32.291552,NIFTY,SELL,26206.25,25,-286.23046875
2025-12-25 16:28:32.304687,NIFTY,BUY,26285.30078125,25,0
2025-12-25 16:28:32.314734,NIFTY,SELL,26258.599609375,25,-667.529296875
2025-12-25 16:28:32.331037,NIFTY,BUY,26195.150390625,25,0
2025-12-25 16:28:32.341198,NIFTY,SELL,26174.19921875,25,-523.779296875
2025-12-25 16:28:32.357165,NIFTY,BUY,26098.05078125,25,0
2025-12-25 16:28:32.363086,NIFTY,SELL,26066.69921875,25,-783.7890625
2025-12-25 16:28:32.372558,NIFTY,BUY,26060.599609375,25,0
2025-12-25 16:28:32.375763,NIFTY,SELL,26049.400390625,25,-279.98046875
2025-12-25 16:28:32.386269,NIFTY,BUY,26058.94921875,25,0
2025-12-25 16:28:32.391590,NIFTY,SELL,26038.19921875,25,-518.75
2025-12-25 16:28:32.399885,NIFTY,BUY,26050.900390625,25,0
2025-12-25 16:28:32.404573,NIFTY,SELL,25962.0,25,-2222.509765625
2025-12-25 16:28:32.418413,NIFTY,BUY,25931.05078125,25,0
2025-12-25 16:28:32.426745,NIFTY,SELL,25933.099609375,25,51.220703125
2025-12-25 16:28:32.437355,NIFTY,BUY,25941.25,25,0
2025-12-25 16:28:32.459093,NIFTY,SELL,26036.19921875,25,2373.73046875
2025-12-25 16:28:32.475499,NIFTY,BUY,26003.55078125,25,0
2025-12-25 16:28:32.507631,NIFTY,SELL,26163.55078125,25,4000.0
2025-12-25 16:28:32.517460,NIFTY,BUY,26188.650390625,25,0
2025-12-25 16:28:32.524655,NIFTY,SELL,26128.80078125,25,-1496.240234375
2025-12-25 16:28:32.553749,NIFTY,BUY,25939.599609375,25,0
2025-12-25 16:28:32.560447,NIFTY,SELL,25819.94921875,25,-2991.259765625
2025-12-25 16:28:32.569807,NIFTY,BUY,25811.55078125,25,0
2025-12-25 16:28:32.587013,NIFTY,SELL,25877.349609375,25,1644.970703125
2025-12-25 16:28:32.590563,NIFTY,BUY,25879.94921875,25,0
2025-12-25 16:28:32.593878,NIFTY,SELL,25889.349609375,25,235.009765625
2025-12-25 16:28:32.598199,NIFTY,BUY,25902.30078125,25,0
2025-12-25 16:28:32.605276,NIFTY,SELL,25859.0,25,-1082.51953125
2025-12-25 16:28:32.616162,NIFTY,BUY,25880.55078125,25,0
2025-12-25 16:28:32.628792,NIFTY,SELL,25835.30078125,25,-1131.25
2025-12-25 16:28:32.645970,NIFTY,BUY,25836.30078125,25,0
2025-12-25 16:28:32.652673,NIFTY,SELL,25764.099609375,25,-1805.029296875
2025-12-25 16:28:32.665196,NIFTY,BUY,25798.25,25,0
2025-12-25 16:28:32.669538,NIFTY,SELL,25737.80078125,25,-1511.23046875
2025-12-25 16:28:32.675433,NIFTY,BUY,25813.05078125,25,0
2025-12-25 16:28:32.693413,NIFTY,SELL,25855.150390625,25,1052.490234375
2025-12-25 16:28:32.700449,NIFTY,BUY,25890.900390625,25,0
2025-12-25 16:28:32.706043,NIFTY,SELL,25879.44921875,25,-286.279296875
2025-12-25 16:28:32.710041,NIFTY,BUY,25916.5,25,0
2025-12-25 16:28:32.715294,NIFTY,SELL,25874.25,25,-1056.25
2025-12-25 16:28:32.719873,NIFTY,BUY,25895.44921875,25,0
2025-12-25 16:28:32.730874,NIFTY,SELL,25982.400390625,25,2173.779296875
2025-12-25 16:28:32.738303,NIFTY,BUY,26015.69921875,25,0
2025-12-25 16:28:32.753423,NIFTY,SELL,26020.0,25,107.51953125
2025-12-25 16:28:32.757909,NIFTY,BUY,26022.849609375,25,0
2025-12-25 16:28:32.764877,NIFTY,SELL,26020.5,25,-58.740234375
2025-12-25 16:28:32.769684,NIFTY,BUY,26052.0,25,0
2025-12-25 16:28:32.774657,NIFTY,SELL,25953.30078125,25,-2467.48046875
2025-12-25 16:28:32.785393,NIFTY,BUY,25975.349609375,25,0
2025-12-25 16:28:32.807360,NIFTY,SELL,26009.849609375,25,862.5
2025-12-25 16:28:32.815458,NIFTY,BUY,26034.349609375,25,0
2025-12-25 16:28:32.821866,NIFTY,SELL,25943.30078125,25,-2276.220703125
2025-12-25 16:28:32.840498,NIFTY,BUY,25906.150390625,25,0
2025-12-25 16:28:32.847110,NIFTY,SELL,25898.75,25,-185.009765625
2025-12-25 16:28:32.854399,NIFTY,BUY,25908.05078125,25,0
2025-12-25 16:28:32.862122,NIFTY,SELL,25860.400390625,25,-1191.259765625
2025-12-25 16:28:32.872929,NIFTY,BUY,25903.30078125,25,0
2025-12-25 16:28:32.879147,NIFTY,SELL,25846.099609375,25,-1430.029296875
2025-12-25 16:28:32.892552,NIFTY,BUY,25829.650390625,25,0
2025-12-25 16:28:32.896144,NIFTY,SELL,25791.099609375,25,-963.76953125
2025-12-25 16:28:32.906063,NIFTY,BUY,25811.400390625,25,0
2025-12-25 16:28:32.911451,NIFTY,SELL,25793.599609375,25,-445.01953125
2025-12-25 16:28:32.917687,NIFTY,BUY,25827.400390625,25,0
2025-12-25 16:28:32.923431,NIFTY,SELL,25792.599609375,25,-870.01953125
2025-12-25 16:28:32.927120,NIFTY,BUY,25812.900390625,25,0
2025-12-25 16:28:32.934516,NIFTY,SELL,25780.05078125,25,-821.240234375
2025-12-25 16:28:32.943196,NIFTY,BUY,25834.44921875,25,0
2025-12-25 16:28:32.961700,NIFTY,SELL,25867.150390625,25,817.529296875
2025-12-25 16:28:32.976220,NIFTY,BUY,25816.55078125,25,0
2025-12-25 16:28:32.992108,NIFTY,SELL,25952.80078125,25,3406.25
2025-12-25 16:28:33.001035,NIFTY,BUY,25935.69921875,25,0
2025-12-25 16:28:33.017408,NIFTY,SELL,25958.75,25,576.26953125
2025-12-25 16:28:33.022649,NIFTY,BUY,26093.900390625,25,0
2025-12-25 16:28:33.037514,NIFTY,SELL,26123.55078125,25,741.259765625
2025-12-25 16:28:33.042967,NIFTY,BUY,26133.900390625,25,0
2025-12-25 16:28:33.052285,NIFTY,SELL,26122.099609375,25,-295.01953125
2025-12-25 16:28:33.056761,NIFTY,BUY,26141.849609375,25,0
2025-12-25 16:28:33.066658,NIFTY,SELL,26133.650390625,25,-204.98046875
2025-12-25 16:28:33.070566,NIFTY,BUY,26163.349609375,25,0
2025-12-25 16:28:33.081537,NIFTY,SELL,26143.5,25,-496.240234375
2025-12-25 16:28:33.087214,NIFTY,BUY,26186.75,25,0
2025-12-25 16:28:33.099532,NIFTY,SELL,26160.599609375,25,-653.759765625
2025-12-25 16:28:33.105055,NIFTY,BUY,26187.69921875,25,0
2025-12-25 16:28:33.110507,NIFTY,SELL,26168.349609375,25,-483.740234375
2025-12-25 16:28:33.116228,NIFTY,BUY,26182.099609375,25,0
2025-12-25 16:28:33.130288,NIFTY,SELL,26180.150390625,25,-48.73046875
2025-12-25 16:28:33.139351,NIFTY,BUY,26222.650390625,25,0
2025-12-25 16:28:33.150314,NIFTY,SELL,26210.80078125,25,-296.240234375
2025-12-25 16:51:17.346557,NIFTY,BUY,26185.349609375,25,0
2025-12-25 16:51:17.364383,NIFTY,SELL,26270.400390625,25,2126.26953125
2025-12-25 16:51:17.381759,NIFTY,BUY,26206.05078125,25,0
2025-12-25 16:51:17.401065,NIFTY,SELL,26243.400390625,25,933.740234375
2025-12-25 16:51:17.414815,NIFTY,BUY,26217.69921875,25,0
2025-12-25 16:51:17.418595,NIFTY,SELL,26206.25,25,-286.23046875
2025-12-25 16:51:17.430857,NIFTY,BUY,26285.30078125,25,0
2025-12-25 16:51:17.442789,NIFTY,SELL,26258.599609375,25,-667.529296875
2025-12-25 16:51:17.459221,NIFTY,BUY,26195.150390625,25,0
2025-12-25 16:51:17.471337,NIFTY,SELL,26174.19921875,25,-523.779296875
2025-12-25 16:51:17.487583,NIFTY,BUY,26098.05078125,25,0
2025-12-25 16:51:17.493181,NIFTY,SELL,26066.69921875,25,-783.7890625
2025-12-25 16:51:17.502572,NIFTY,BUY,26060.599609375,25,0
2025-12-25 16:51:17.505657,NIFTY,SELL,26049.400390625,25,-279.98046875
2025-12-25 16:51:17.516008,NIFTY,BUY,26058.94921875,25,0
2025-12-25 16:51:17.521361,NIFTY,SELL,26038.19921875,25,-518.75
2025-12-25 16:51:17.528608,NIFTY,BUY,26050.900390625,25,0
2025-12-25 16:51:17.533346,NIFTY,SELL,25962.0,25,-2222.509765625
2025-12-25 16:51:17.548479,NIFTY,BUY,25931.05078125,25,0
2025-12-25 16:51:17.558762,NIFTY,SELL,25933.099609375,25,51.220703125
2025-12-25 16:51:17.570050,NIFTY,BUY,25941.25,25,0
2025-12-25 16:51:17.593283,NIFTY,SELL,26036.19921875,25,2373.73046875
2025-12-25 16:51:17.613677,NIFTY,BUY,26003.55078125,25,0
2025-12-25 16:51:17.649602,NIFTY,SELL,26163.55078125,25,4000.0
2025-12-25 16:51:17.660263,NIFTY,BUY,26188.650390625,25,0
2025-12-25 16:51:17.666938,NIFTY,SELL,26128.80078125,25,-1496.240234375
2025-12-25 16:51:17.698964,NIFTY,BUY,25939.599609375,25,0
2025-12-25 16:51:17.707043,NIFTY,SELL,25819.94921875,25,-2991.259765625
2025-12-25 16:51:17.718519,NIFTY,BUY,25811.55078125,25,0
2025-12-25 16:51:17.735189,NIFTY,SELL,25877.349609375,25,1644.970703125
2025-12-25 16:51:17.738417,NIFTY,BUY,25879.94921875,25,0
2025-12-25 16:51:17.740742,NIFTY,SELL,25889.349609375,25,235.009765625
2025-12-25 16:51:17.743980,NIFTY,BUY,25902.30078125,25,0
2025-12-25 16:51:17.750238,NIFTY,SELL,25859.0,25,-1082.51953125
2025-12-25 16:51:17.759844,NIFTY,BUY,25880.55078125,25,0
2025-12-25 16:51:17.771666,NIFTY,SELL,25835.30078125,25,-1131.25
2025-12-25 16:51:17.788912,NIFTY,BUY,25836.30078125,25,0
2025-12-25 16:51:17.796243,NIFTY,SELL,25764.099609375,25,-1805.029296875
2025-12-25 16:51:17.809624,NIFTY,BUY,25798.25,25,0
2025-12-25 16:51:17.814124,NIFTY,SELL,25737.80078125,25,-1511.23046875
2025-12-25 16:51:17.820315,NIFTY,BUY,25813.05078125,25,0
2025-12-25 16:51:17.837644,NIFTY,SELL,25855.150390625,25,1052.490234375
2025-12-25 16:51:17.844409,NIFTY,BUY,25890.900390625,25,0
2025-12-25 16:51:17.849234,NIFTY,SELL,25879.44921875,25,-286.279296875
2025-12-25 16:51:17.853427,NIFTY,BUY,25916.5,25,0
2025-12-25 16:51:17.858361,NIFTY,SELL,25874.25,25,-1056.25
2025-12-25 16:51:17.862776,NIFTY,BUY,25895.44921875,25,0
2025-12-25 16:51:17.874901,NIFTY,SELL,25982.400390625,25,2173.779296875
2025-12-25 16:51:17.881989,NIFTY,BUY,26015.69921875,25,0
2025-12-25 16:51:17.896556,NIFTY,SELL,26020.0,25,107.51953125
2025-12-25 16:51:17.901793,NIFTY,BUY,26022.849609375,25,0
2025-12-25 16:51:17.909832,NIFTY,SELL,26020.5,25,-58.740234375
2025-12-25 16:51:17.914253,NIFTY,BUY,26052.0,25,0
2025-12-25 16:51:17.920090,NIFTY,SELL,25953.30078125,25,-2467.48046875
2025-12-25 16:51:17.929675,NIFTY,BUY,25975.349609375,25,0
2025-12-25 16:51:17.952614,NIFTY,SELL,26009.849609375,25,862.5
2025-12-25 16:51:17.958639,NIFTY,BUY,26034.349609375,25,0
2025-12-25 16:51:17.965570,NIFTY,SELL,25943.30078125,25,-2276.220703125
2025-12-25 16:51:17.984934,NIFTY,BUY,25906.150390625,25,0
2025-12-25 16:51:17.991549,NIFTY,SELL,25898.75,25,-185.009765625
2025-12-25 16:51:17.998041,NIFTY,BUY,25908.05078125,25,0
2025-12-25 16:51:18.004353,NIFTY,SELL,25860.400390625,25,-1191.259765625
2025-12-25 16:51:18.014874,NIFTY,BUY,25903.30078125,25,0
2025-12-25 16:51:18.021630,NIFTY,SELL,25846.099609375,25,-1430.029296875
2025-12-25 16:51:18.033689,NIFTY,BUY,25829.650390625,25,0
2025-12-25 16:51:18.038931,NIFTY,SELL,25791.099609375,25,-963.76953125
2025-12-25 16:51:18.049074,NIFTY,BUY,25811.400390625,25,0
2025-12-25 16:51:18.055073,NIFTY,SELL,25793.599609375,25,-445.01953125
2025-12-25 16:51:18.060400,NIFTY,BUY,25827.400390625,25,0
2025-12-25 16:51:18.065771,NIFTY,SELL,25792.599609375,25,-870.01953125
2025-12-25 16:51:18.070317,NIFTY,BUY,25812.900390625,25,0
2025-12-25 16:51:18.077994,NIFTY,SELL,25780.05078125,25,-821.240234375
2025-12-25 16:51:18.088446,NIFTY,BUY,25834.44921875,25,0
2025-12-25 16:51:18.108561,NIFTY,SELL,25867.150390625,25,817.529296875
2025-12-25 16:51:18.122261,NIFTY,BUY,25816.55078125,25,0
2025-12-25 16:51:18.136999,NIFTY,SELL,25952.80078125,25,3406.25
2025-12-25 16:51:18.145864,NIFTY,BUY,25935.69921875,25,0
2025-12-25 16:51:18.163272,NIFTY,SELL,25958.75,25,576.26953125
2025-12-25 16:51:18.170177,NIFTY,BUY,26093.900390625,25,0
2025-12-25 16:51:18.184059,NIFTY,SELL,26123.55078125,25,741.259765625
2025-12-25 16:51:18.189220,NIFTY,BUY,26133.900390625,25,0
2025-12-25 16:51:18.199208,NIFTY,SELL,26122.099609375,25,-295.01953125
2025-12-25 16:51:18.204046,NIFTY,BUY,26141.849609375,25,0
2025-12-25 16:51:18.213788,NIFTY,SELL,26133.650390625,25,-204.98046875
2025-12-25 16:51:18.218698,NIFTY,BUY,26163.349609375,25,0
2025-12-25 16:51:18.228637,NIFTY,SELL,26143.5,25,-496.240234375
2025-12-25 16:51:18.234979,NIFTY,BUY,26186.75,25,0
2025-12-25 16:51:18.248382,NIFTY,SELL,26160.599609375,25,-653.759765625
2025-12-25 16:51:18.254385,NIFTY,BUY,26187.69921875,25,0
2025-12-25 16:51:18.260252,NIFTY,SELL,26168.349609375,25,-483.740234375
2025-12-25 16:51:18.265973,NIFTY,BUY,26182.099609375,25,0
2025-12-25 16:51:18.280267,NIFTY,SELL,26180.150390625,25,-48.73046875
2025-12-25 16:51:18.291786,NIFTY,BUY,26222.650390625,25,0
2025-12-25 16:51:18.302805,NIFTY,SELL,26210.80078125,25,-296.240234375
